{
	"start":	{
		"connected":	[{
				"socket":	6,
				"local_host":	"10.10.14.54",
				"local_port":	37494,
				"remote_host":	"10.10.14.54",
				"remote_port":	5201
			}],
		"version":	"iperf 3.12",
		"system_info":	"Linux pi14 6.6.67-v7l+ #1833 SMP Fri Dec 20 14:11:42 GMT 2024 armv7l",
		"timestamp":	{
			"time":	"Sun, 05 Jan 2025 12:30:11 GMT",
			"timesecs":	1736080211
		},
		"connecting_to":	{
			"host":	"10.10.14.54",
			"port":	5201
		},
		"cookie":	"cz3mlzaaubankqyghf3zlp54c2ktpe4vuxwl",
		"tcp_mss_default":	32768,
		"target_bitrate":	0,
		"sock_bufsize":	0,
		"sndbuf_actual":	16384,
		"rcvbuf_actual":	131072,
		"test_start":	{
			"protocol":	"TCP",
			"num_streams":	1,
			"blksize":	131072,
			"omit":	0,
			"duration":	5,
			"bytes":	0,
			"blocks":	0,
			"reverse":	0,
			"tos":	0,
			"target_bitrate":	0
		}
	},
	"intervals":	[{
			"streams":	[{
					"socket":	6,
					"start":	0,
					"end":	1.000988,
					"seconds":	1.0009880065917969,
					"bytes":	812646400,
					"bits_per_second":	6494754339.9000778,
					"retransmits":	0,
					"snd_cwnd":	1244177,
					"snd_wnd":	438656,
					"rtt":	241,
					"rttvar":	99,
					"pmtu":	65535,
					"omitted":	false,
					"sender":	true
				}],
			"sum":	{
				"start":	0,
				"end":	1.000988,
				"seconds":	1.0009880065917969,
				"bytes":	812646400,
				"bits_per_second":	6494754339.9000778,
				"retransmits":	0,
				"omitted":	false,
				"sender":	true
			}
		}, {
			"streams":	[{
					"socket":	6,
					"start":	1.000988,
					"end":	2.000101,
					"seconds":	0.99911302328109741,
					"bytes":	833617920,
					"bits_per_second":	6674863808.80025,
					"retransmits":	0,
					"snd_cwnd":	1244177,
					"snd_wnd":	45824,
					"rtt":	229,
					"rttvar":	73,
					"pmtu":	65535,
					"omitted":	false,
					"sender":	true
				}],
			"sum":	{
				"start":	1.000988,
				"end":	2.000101,
				"seconds":	0.99911302328109741,
				"bytes":	833617920,
				"bits_per_second":	6674863808.80025,
				"retransmits":	0,
				"omitted":	false,
				"sender":	true
			}
		}, {
			"streams":	[{
					"socket":	6,
					"start":	2.000101,
					"end":	3.000648,
					"seconds":	1.0005470514297485,
					"bytes":	836239360,
					"bits_per_second":	6686257153.46453,
					"retransmits":	0,
					"snd_cwnd":	1244177,
					"snd_wnd":	246016,
					"rtt":	208,
					"rttvar":	55,
					"pmtu":	65535,
					"omitted":	false,
					"sender":	true
				}],
			"sum":	{
				"start":	2.000101,
				"end":	3.000648,
				"seconds":	1.0005470514297485,
				"bytes":	836239360,
				"bits_per_second":	6686257153.46453,
				"retransmits":	0,
				"omitted":	false,
				"sender":	true
			}
		}, {
			"streams":	[{
					"socket":	6,
					"start":	3.000648,
					"end":	4.00041,
					"seconds":	0.999761998653412,
					"bytes":	862453760,
					"bits_per_second":	6901272592.1701078,
					"retransmits":	0,
					"snd_cwnd":	1244177,
					"snd_wnd":	441728,
					"rtt":	212,
					"rttvar":	73,
					"pmtu":	65535,
					"omitted":	false,
					"sender":	true
				}],
			"sum":	{
				"start":	3.000648,
				"end":	4.00041,
				"seconds":	0.999761998653412,
				"bytes":	862453760,
				"bits_per_second":	6901272592.1701078,
				"retransmits":	0,
				"omitted":	false,
				"sender":	true
			}
		}, {
			"streams":	[{
					"socket":	6,
					"start":	4.00041,
					"end":	5.00021,
					"seconds":	0.99980002641677856,
					"bytes":	869007360,
					"bits_per_second":	6953449386.1895056,
					"retransmits":	0,
					"snd_cwnd":	1244177,
					"snd_wnd":	310784,
					"rtt":	206,
					"rttvar":	79,
					"pmtu":	65535,
					"omitted":	false,
					"sender":	true
				}],
			"sum":	{
				"start":	4.00041,
				"end":	5.00021,
				"seconds":	0.99980002641677856,
				"bytes":	869007360,
				"bits_per_second":	6953449386.1895056,
				"retransmits":	0,
				"omitted":	false,
				"sender":	true
			}
		}],
	"end":	{
		"streams":	[{
				"sender":	{
					"socket":	6,
					"start":	0,
					"end":	5.00021,
					"seconds":	5.00021,
					"bytes":	4213964800,
					"bits_per_second":	6742060513.4584351,
					"retransmits":	0,
					"max_snd_cwnd":	1244177,
					"max_snd_wnd":	441728,
					"max_rtt":	241,
					"min_rtt":	206,
					"mean_rtt":	219,
					"sender":	true
				},
				"receiver":	{
					"socket":	6,
					"start":	0,
					"end":	5.000396,
					"seconds":	5.00021,
					"bytes":	4207247360,
					"bits_per_second":	6731062675.8360739,
					"sender":	true
				}
			}],
		"sum_sent":	{
			"start":	0,
			"end":	5.00021,
			"seconds":	5.00021,
			"bytes":	4213964800,
			"bits_per_second":	6742060513.4584351,
			"retransmits":	0,
			"sender":	true
		},
		"sum_received":	{
			"start":	0,
			"end":	5.000396,
			"seconds":	5.000396,
			"bytes":	4207247360,
			"bits_per_second":	6731062675.8360739,
			"sender":	true
		},
		"cpu_utilization_percent":	{
			"host_total":	54.506272477783867,
			"host_user":	0.98927691352627045,
			"host_system":	53.5169955642576,
			"remote_total":	99.944565676474724,
			"remote_user":	1.7949162005810606,
			"remote_system":	98.14958948203703
		},
		"sender_tcp_congestion":	"cubic",
		"receiver_tcp_congestion":	"cubic"
	}
}
